seq, first, last
1,Laura,Watson
2,Evan,Roy
3,Adam,Hale
4,Agnes,Massey
5,Jennie,Rose
6,Lizzie,Poole
7,Lulu,Coleman
8,Luella,Patrick
9,Jay,Farmer
10,Ollie,Wilson
11,Adelaide,Ray
12,Elsie,Maldonado
13,Rachel,Brady
14,Isaac,Wong
15,James,Medina
16,Thomas,Morton
17,Jorge,Grant
18,Barbara,Quinn
19,Wayne,Pratt
20,Garrett,McKinney
21,Grace,George
22,Austin,Clarke
23,Lester,Hicks
24,Verna,Francis
25,Rose,Jefferson
26,Dora,Hale
27,Lillie,Garner
28,Adeline,Perry
29,Peter,Roy
30,Michael,Patterson
31,Loretta,Graham
32,Maude,Perez
33,Chris,Chapman
34,Eula,Barnes
35,Anthony,Santiago
36,Isaiah,Elliott
37,Eunice,Davidson
38,Marcus,Guerrero
39,Terry,Sanchez
40,Zachary,Oliver
41,Ethan,Adams
42,Aiden,Foster
43,Harriett,Hall
44,Hilda,McDonald
45,Laura,Hogan
46,Cole,Osborne
47,Ida,Jackson
48,Ora,Wood
49,Jeremiah,Mendez
50,Sean,Ramsey
51,Catherine,Andrews
52,Winnie,Boone
53,Minnie,Gordon
54,Sadie,Powell
55,Harvey,Stanley
56,Marguerite,Bowman
57,Jesus,Bowman
58,Larry,Carpenter
59,Howard,Barrett
60,Gussie,Gutierrez
61,Miguel,Bryan
62,Howard,Thornton
63,Rose,Frank
64,Roger,Gonzalez
65,Iva,Robertson
66,Erik,Rivera
67,Paul,Klein
68,Martha,Bryan
69,Virginia,Perez
70,Lydia,Baker
71,Francis,Hansen
72,Matilda,Greer
73,Linnie,Gordon
74,Rosetta,Morris
75,Ricardo,Vargas
76,Ida,Dean
77,Lucy,Lewis
78,Erik,Yates
79,Evan,Park
80,Genevieve,Nash
81,Ruby,Larson
82,Maurice,Simpson
83,Joe,Rogers
84,Patrick,Lindsey
85,Loretta,Vargas
86,Ruth,Rodgers
87,Eugene,Newman
88,Ronald,Poole
89,Fannie,Christensen
90,Manuel,Lyons
91,Agnes,Malone
92,Nettie,Snyder
93,Timothy,Farmer
94,Birdie,Cook
95,Christina,Lawrence
96,Christian,Collier
97,Isabel,White
98,Mathilda,Hubbard
99,Connor,Gonzalez
100,Ray,Taylor
