1,Adam,Hale
2,Adelaide,Ray
3,Adeline,Perry
4,Agnes,Massey
5,Agnes,Malone
6,Aiden,Foster
7,Anthony,Santiago
8,Austin,Clarke
9,Barbara,Quinn
10,Birdie,Cook
11,Catherine,Andrews
12,Chris,Chapman
13,Christian,Collier
14,Christina,Lawrence
15,Cole,Osborne
16,Connor,Gonzalez
17,Dora,Hale
18,Elsie,Maldonado
19,Erik,Rivera
20,Erik,Yates
21,Ethan,Adams
22,Eugene,Newman
23,Eula,Barnes
24,Eunice,Davidson
25,Evan,Roy
26,Evan,Park
27,Fannie,Christensen
28,first,last
29,Francis,Hansen
30,Garrett,McKinney
31,Genevieve,Nash
32,Grace,George
33,Gussie,Gutierrez
34,Harriett,Hall
35,Harvey,Stanley
36,Hilda,McDonald
37,Howard,Barrett
38,Howard,Thornton
39,Ida,Jackson
40,Ida,Dean
41,Isaac,Wong
42,Isabel,White
43,Isaiah,Elliott
44,Iva,Robertson
45,James,Medina
46,Jay,Farmer
47,Jennie,Rose
48,Jeremiah,Mendez
49,Jesus,Bowman
50,Joe,Rogers
51,Jorge,Grant
52,Larry,Carpenter
53,Laura,Watson
54,Laura,Hogan
55,Lester,Hicks
56,Lillie,Garner
57,Linnie,Gordon
58,Lizzie,Poole
59,Loretta,Graham
60,Loretta,Vargas
61,Lucy,Lewis
62,Luella,Patrick
63,Lulu,Coleman
64,Lydia,Baker
65,Manuel,Lyons
66,Marcus,Guerrero
67,Marguerite,Bowman
68,Martha,Bryan
69,Mathilda,Hubbard
70,Matilda,Greer
71,Maude,Perez
72,Maurice,Simpson
73,Michael,Patterson
74,Miguel,Bryan
75,Minnie,Gordon
76,Nettie,Snyder
77,Ollie,Wilson
78,Ora,Wood
79,Patrick,Lindsey
80,Paul,Klein
81,Peter,Roy
82,Rachel,Brady
83,Ray,Taylor
84,Ricardo,Vargas
85,Roger,Gonzalez
86,Ronald,Poole
87,Rose,Jefferson
88,Rose,Frank
89,Rosetta,Morris
90,Ruby,Larson
91,Ruth,Rodgers
92,Sadie,Powell
93,Sean,Ramsey
94,Terry,Sanchez
95,Thomas,Morton
96,Timothy,Farmer
97,Verna,Francis
98,Virginia,Perez
99,Wayne,Pratt
100,Winnie,Boone
101,Zachary,Oliver